county_name,town_name,cunli_name,c0,c1,fcid,gid
嘉義縣,新港鄉,月眉村,0,94,605,37
嘉義縣,新港鄉,月潭村,0,41,605,38
南投縣,竹山鎮,延平里,0,13,605,40
南投縣,水里鄉,鉅工村,0,1,605,41
雲林縣,臺西鄉,和豐村,0,1050,605,54
屏東縣,里港鄉,三部村,0,254,605,82
南投縣,南投市,內新里,0,2387,605,124
南投縣,南投市,內興里,0,2021,605,125
臺南市,關廟區,龜洞里,0,16,605,126
南投縣,水里鄉,頂崁村,0,258,605,129
南投縣,水里鄉,民和村,0,705,605,130
桃園市,龍潭區,高平里,0,1,605,136
嘉義縣,竹崎鄉,義仁村,0,14,605,141
嘉義縣,竹崎鄉,義和村,0,22,605,142
嘉義縣,竹崎鄉,和平村,0,517,605,143
雲林縣,斗南鎮,林子里,0,1508,605,144
雲林縣,斗南鎮,阿丹里,0,34,605,145
雲林縣,斗南鎮,舊社里,0,3421,605,146
雲林縣,斗南鎮,南昌里,0,10,605,147
雲林縣,斗南鎮,東仁里,0,727,605,148
雲林縣,斗南鎮,將軍里,0,74,605,149
桃園市,大園區,橫峰里,0,8,605,176
高雄市,岡山區,平安里,0,21,605,178
南投縣,信義鄉,卡里布安村,0,458,605,184
南投縣,信義鄉,望美村,0,695,605,185
臺南市,北區,大豐里,0,369,605,201
臺南市,北區,大港里,0,617,605,202
臺南市,北區,正覺里,0,4,605,203
臺南市,北區,成功里,0,483,605,205
臺南市,將軍區,長榮里,134,3219,605,206
臺南市,將軍區,玉山里,11,126,605,207
臺南市,玉井區,中正里,0,22,605,213
臺南市,玉井區,豐里里,0,71,605,214
臺南市,楠西區,龜丹里,0,36,605,215
臺南市,楠西區,鹿田里,0,818,605,216
臺南市,楠西區,東勢里,0,613,605,217
臺南市,楠西區,楠西里,0,1710,605,218
新竹縣,寶山鄉,雙新村,0,320,605,232
新竹縣,尖石鄉,嘉樂村,0,14,605,237
新竹縣,尖石鄉,錦屏村,0,14,605,240
嘉義市,西區,湖邊里,0,695,605,289
嘉義市,東區,仁義里,0,2191,605,290
嘉義市,東區,圳頭里,0,140,605,291
嘉義縣,阿里山鄉,樂野村,0,851,605,293
嘉義縣,六腳鄉,古林村,0,258,605,294
嘉義縣,番路鄉,大湖村,0,486,605,295
嘉義縣,太保市,南新里,0,2144,605,296
嘉義縣,竹崎鄉,白杞村,0,294,605,297
嘉義縣,六腳鄉,溪厝村,0,444,605,298
嘉義市,東區,新店里,0,1815,605,299
嘉義市,東區,義教里,0,2234,605,301
基隆市,七堵區,永安里,0,39,605,333
新竹市,東區,金山里,0,1,605,381
基隆市,七堵區,八德里,0,395,605,423
臺南市,新化區,知義里,0,181,605,431
新竹縣,尖石鄉,玉峰村,0,113,605,455
新竹縣,五峰鄉,大隘村,0,29,605,458
新竹縣,寶山鄉,深井村,0,13,605,469
新竹市,香山區,中隘里,0,707,605,471
雲林縣,臺西鄉,富琦村,0,588,605,476
雲林縣,臺西鄉,永豐村,0,605,605,477
新竹市,東區,柴橋里,0,37,605,480
嘉義市,東區,中山里,0,2201,605,578
嘉義市,東區,王田里,0,53,605,579
嘉義市,東區,興仁里,0,1981,605,580
嘉義市,東區,芳安里,0,730,605,581
嘉義市,東區,宣信里,0,544,605,582
嘉義市,東區,興南里,0,936,605,583
嘉義縣,布袋鎮,見龍里,0,1155,605,584
嘉義縣,中埔鄉,三層村,0,469,605,585
嘉義縣,義竹鄉,東光村,0,881,605,586
嘉義縣,布袋鎮,東港里,0,2046,605,587
嘉義縣,中埔鄉,中崙村,0,164,605,588
嘉義縣,鹿草鄉,光潭村,0,1072,605,589
嘉義縣,鹿草鄉,碧潭村,0,809,605,591
嘉義縣,義竹鄉,東榮村,0,310,605,592
嘉義縣,中埔鄉,沄水村,0,769,605,593
嘉義縣,鹿草鄉,施家村,0,454,605,594
嘉義縣,布袋鎮,菜舖里,0,74,605,595
嘉義縣,中埔鄉,深坑村,0,574,605,596
嘉義縣,番路鄉,草山村,0,586,605,597
嘉義縣,鹿草鄉,三角村,4,2083,605,598
嘉義縣,布袋鎮,新厝里,0,605,605,599
嘉義縣,布袋鎮,考試里,0,20,605,600
嘉義縣,義竹鄉,溪洲村,0,771,605,601
嘉義縣,布袋鎮,振寮里,0,814,605,602
嘉義縣,鹿草鄉,松竹村,0,391,605,603
嘉義縣,中埔鄉,瑞豐村,0,432,605,604
嘉義縣,鹿草鄉,重寮村,0,971,605,605
嘉義縣,鹿草鄉,後堀村,0,2104,605,606
嘉義縣,水上鄉,靖和村,0,346,605,607
嘉義縣,中埔鄉,頂埔村,87,702,605,608
嘉義縣,布袋鎮,西安里,0,7,605,609
嘉義縣,水上鄉,三鎮村,0,517,605,611
嘉義縣,中埔鄉,石弄村,1,800,605,612
嘉義縣,朴子市,松華里,0,1139,605,613
嘉義縣,鹿草鄉,竹山村,0,1471,605,614
嘉義縣,水上鄉,南鄉村,0,682,605,615
嘉義縣,布袋鎮,樹林里,0,273,605,616
嘉義縣,布袋鎮,龍江里,0,807,605,617
嘉義縣,朴子市,梅華里,0,926,605,618
嘉義縣,朴子市,南竹里,0,731,605,619
嘉義縣,中埔鄉,同仁村,0,1582,605,620
嘉義縣,中埔鄉,龍門村,0,559,605,621
嘉義縣,中埔鄉,中埔村,0,1523,605,622
嘉義縣,鹿草鄉,鹿東村,0,522,605,623
嘉義縣,水上鄉,溪洲村,0,697,605,624
嘉義縣,鹿草鄉,鹿草村,0,1230,605,625
嘉義縣,水上鄉,龍德村,0,1705,605,626
嘉義縣,中埔鄉,灣潭村,0,725,605,627
嘉義縣,朴子市,德家里,0,768,605,628
嘉義縣,水上鄉,義興村,0,902,605,629
嘉義縣,水上鄉,中庄村,0,955,605,630
嘉義縣,水上鄉,忠和村,0,1908,605,631
嘉義縣,鹿草鄉,下麻村,0,1107,605,632
嘉義縣,水上鄉,柳新村,0,1184,605,633
嘉義縣,鹿草鄉,西井村,3,1436,605,635
嘉義縣,番路鄉,公興村,0,493,605,636
嘉義縣,水上鄉,水上村,0,2023,605,638
嘉義縣,水上鄉,南和村,0,2065,605,639
嘉義縣,朴子市,新庄里,0,554,605,640
嘉義縣,阿里山鄉,山美村,0,392,605,641
嘉義縣,中埔鄉,鹽館村,0,828,605,642
嘉義縣,鹿草鄉,後寮村,0,443,605,643
嘉義縣,中埔鄉,裕民村,0,851,605,644
嘉義縣,水上鄉,水頭村,0,10,605,645
嘉義縣,水上鄉,柳林村,0,1807,605,646
嘉義縣,水上鄉,三界村,0,893,605,647
嘉義縣,水上鄉,國姓村,0,795,605,648
嘉義縣,中埔鄉,隆興村,0,1692,605,649
嘉義縣,水上鄉,內溪村,0,1082,605,650
嘉義縣,太保市,梅埔里,0,1085,605,651
嘉義縣,阿里山鄉,里佳村,0,192,605,652
嘉義縣,水上鄉,柳鄉村,0,1397,605,654
嘉義縣,朴子市,竹村里,0,1548,605,655
嘉義縣,鹿草鄉,豊稠村,143,1061,605,656
嘉義縣,朴子市,崁前里,0,764,605,657
嘉義縣,水上鄉,民生村,0,11,605,658
嘉義縣,中埔鄉,和睦村,0,3428,605,659
嘉義縣,水上鄉,大堀村,58,1799,605,660
嘉義縣,中埔鄉,義仁村,0,1452,605,661
嘉義縣,中埔鄉,金蘭村,0,1382,605,662
嘉義縣,中埔鄉,社口村,0,1895,605,664
嘉義縣,中埔鄉,富收村,0,2134,605,665
嘉義縣,朴子市,崁後里,0,124,605,666
嘉義縣,水上鄉,回歸村,0,78,605,667
嘉義縣,中埔鄉,和興村,0,4538,605,668
嘉義縣,番路鄉,觸口村,0,803,605,669
嘉義縣,水上鄉,大崙村,0,1703,605,670
嘉義縣,朴子市,佳禾里,0,593,605,671
嘉義縣,太保市,春珠里,0,1288,605,672
嘉義縣,東石鄉,塭仔村,0,37,605,673
嘉義縣,朴子市,新寮里,0,501,605,674
嘉義縣,水上鄉,寬士村,0,1035,605,675
嘉義縣,中埔鄉,和美村,0,5520,605,676
嘉義縣,東石鄉,東石村,0,1338,605,677
嘉義縣,水上鄉,粗溪村,10,1366,605,678
嘉義縣,朴子市,竹圍里,0,3982,605,679
嘉義縣,太保市,崙頂里,0,1,605,680
嘉義縣,東石鄉,洲仔村,0,24,605,681
嘉義縣,水上鄉,塗溝村,15,766,605,682
嘉義縣,水上鄉,三和村,0,3,605,683
嘉義縣,朴子市,大葛里,0,2880,605,684
嘉義縣,朴子市,文化里,0,2272,605,685
嘉義縣,朴子市,平和里,0,2252,605,686
嘉義縣,東石鄉,永屯村,0,411,605,687
嘉義縣,朴子市,中正里,0,847,605,688
嘉義市,西區,福民里,0,201,605,689
嘉義縣,番路鄉,民和村,0,851,605,690
嘉義市,東區,頂寮里,0,706,605,691
嘉義縣,太保市,後潭里,0,1803,605,692
嘉義市,東區,芳草里,0,2593,605,693
嘉義縣,東石鄉,猿樹村,0,261,605,694
嘉義縣,朴子市,永和里,0,1763,605,695
嘉義縣,朴子市,開元里,0,258,605,696
嘉義縣,朴子市,順天里,0,168,605,697
嘉義縣,朴子市,博厚里,0,139,605,699
嘉義市,東區,安寮里,0,1172,605,700
嘉義縣,太保市,前潭里,0,1118,605,701
嘉義縣,番路鄉,新福村,0,1055,605,704
嘉義市,西區,劉厝里,0,386,605,705
嘉義市,西區,自強里,0,64,605,706
嘉義縣,朴子市,大鄉里,0,1293,605,707
嘉義縣,番路鄉,番路村,0,710,605,708
嘉義縣,朴子市,安福里,0,1466,605,709
嘉義縣,番路鄉,公田村,0,1157,605,710
嘉義縣,東石鄉,塭港村,0,774,605,711
嘉義市,西區,培元里,0,99,605,712
嘉義市,西區,導明里,0,222,605,713
嘉義市,西區,新西里,0,283,605,714
嘉義縣,東石鄉,圍潭村,0,301,605,715
嘉義市,東區,新開里,0,1355,605,716
嘉義市,西區,永和里,0,1189,605,717
嘉義市,西區,新富里,0,1835,605,718
嘉義縣,番路鄉,內甕村,0,411,605,719
嘉義縣,朴子市,內厝里,0,517,605,720
嘉義市,東區,朝陽里,0,891,605,721
嘉義市,東區,短竹里,0,2110,605,722
嘉義市,西區,磚瑤里,0,764,605,723
嘉義市,東區,鹿寮里,0,1048,605,724
嘉義縣,朴子市,仁和里,0,1567,605,725
嘉義市,西區,書院里,0,1991,605,726
嘉義市,東區,蘭潭里,0,802,605,727
嘉義市,西區,西平里,0,1671,605,728
嘉義縣,東石鄉,三家村,0,715,605,729
嘉義市,東區,民族里,0,2059,605,730
嘉義市,西區,西榮里,0,950,605,731
嘉義市,西區,頭港里,0,654,605,732
嘉義市,東區,華南里,0,2702,605,733
嘉義市,西區,港坪里,0,1645,605,734
嘉義市,西區,福全里,0,2517,605,735
嘉義市,東區,東興里,0,2021,605,736
嘉義市,西區,番社里,0,1352,605,738
嘉義縣,太保市,後庄里,0,9,605,740
嘉義市,西區,後驛里,0,1926,605,742
嘉義縣,阿里山鄉,達邦村,0,652,605,743
嘉義市,東區,文雅里,0,2857,605,744
嘉義縣,竹崎鄉,昇平村,2,1949,605,745
嘉義市,西區,國華里,0,316,605,746
嘉義縣,東石鄉,海埔村,0,494,605,747
嘉義市,東區,長竹里,0,31,605,748
嘉義市,西區,福安里,0,1459,605,749
嘉義市,西區,重興里,0,1342,605,750
嘉義市,西區,竹圍里,0,3013,605,751
嘉義縣,太保市,港尾里,0,1071,605,752
嘉義縣,太保市,埤鄉里,27,134,605,753
嘉義縣,竹崎鄉,金獅村,0,530,605,754
嘉義縣,竹崎鄉,龍山村,0,106,605,755
嘉義縣,六腳鄉,三義村,205,1496,605,756
嘉義縣,民雄鄉,山中村,0,95,605,757
嘉義縣,竹崎鄉,竹崎村,0,2258,605,758
嘉義縣,民雄鄉,興南村,0,1266,605,759
嘉義縣,新港鄉,溪北村,0,1148,605,760
嘉義縣,阿里山鄉,十字村,0,253,605,761
嘉義縣,新港鄉,安和村,67,1465,605,762
嘉義縣,新港鄉,三間村,0,1534,605,763
嘉義縣,六腳鄉,雙涵村,197,1753,605,764
嘉義縣,民雄鄉,福樂村,0,2211,605,765
嘉義縣,新港鄉,中洋村,0,900,605,766
嘉義縣,民雄鄉,大崎村,0,2204,605,767
嘉義縣,竹崎鄉,仁壽村,0,291,605,769
嘉義縣,六腳鄉,港美村,0,769,605,770
嘉義縣,竹崎鄉,復金村,0,128,605,772
嘉義縣,民雄鄉,雙福村,0,27,605,773
嘉義縣,民雄鄉,文隆村,0,101,605,774
嘉義縣,竹崎鄉,獅埜村,0,100,605,775
嘉義縣,竹崎鄉,沙坑村,0,1,605,776
嘉義縣,竹崎鄉,坑頭村,0,200,605,777
嘉義縣,民雄鄉,北斗村,0,4218,605,778
嘉義縣,新港鄉,菜公村,0,290,605,779
嘉義縣,民雄鄉,松山村,0,1111,605,780
嘉義縣,新港鄉,潭大村,0,513,605,781
嘉義縣,民雄鄉,平和村,0,219,605,783
嘉義縣,民雄鄉,中和村,0,196,605,784
嘉義縣,民雄鄉,西昌村,0,140,605,785
嘉義縣,民雄鄉,東湖村,0,63,605,786
嘉義縣,新港鄉,宮前村,0,306,605,787
嘉義縣,梅山鄉,安靖村,46,519,605,788
嘉義縣,民雄鄉,中樂村,0,1518,605,789
嘉義縣,民雄鄉,西安村,0,2010,605,790
嘉義縣,新港鄉,福德村,0,1141,605,791
嘉義縣,梅山鄉,太興村,0,439,605,792
嘉義縣,新港鄉,宮後村,0,800,605,793
嘉義縣,新港鄉,大興村,0,821,605,794
嘉義縣,民雄鄉,東榮村,0,667,605,795
嘉義縣,阿里山鄉,來吉村,0,189,605,796
嘉義縣,梅山鄉,瑞里村,0,711,605,797
嘉義縣,新港鄉,大潭村,0,372,605,798
嘉義縣,梅山鄉,雙溪村,0,569,605,800
嘉義縣,民雄鄉,東興村,0,486,605,801
嘉義縣,梅山鄉,大南村,11,1351,605,802
嘉義縣,梅山鄉,半天村,0,24,605,803
嘉義縣,新港鄉,古民村,0,1165,605,805
嘉義縣,民雄鄉,三興村,0,904,605,809
嘉義縣,梅山鄉,永興村,0,431,605,810
嘉義縣,新港鄉,共和村,0,1253,605,811
嘉義縣,民雄鄉,寮頂村,0,50,605,812
嘉義縣,民雄鄉,豊收村,0,143,605,813
嘉義縣,新港鄉,海瀛村,0,2,605,815
嘉義縣,新港鄉,中庄村,0,1532,605,818
嘉義縣,大林鎮,中坑里,0,485,605,822
嘉義縣,新港鄉,埤子村,0,382,605,824
嘉義縣,新港鄉,北崙村,0,256,605,825
嘉義縣,大林鎮,吉林里,0,838,605,830
嘉義縣,大林鎮,東林里,0,301,605,833
嘉義縣,大林鎮,西林里,0,609,605,834
嘉義縣,大林鎮,平林里,0,94,605,836
嘉義縣,大林鎮,大糖里,0,11,605,842
嘉義縣,水上鄉,下寮村,0,573,605,846
嘉義縣,東石鄉,網寮村,130,1240,605,847
嘉義縣,東石鄉,掌潭村,0,797,605,848
嘉義縣,布袋鎮,興中里,0,25,605,849
嘉義縣,布袋鎮,岑海里,0,6,605,850
嘉義縣,布袋鎮,好美里,69,2376,605,851
嘉義縣,布袋鎮,中安里,0,94,605,852
嘉義縣,番路鄉,江西村,0,1341,605,853
嘉義縣,東石鄉,龍港村,0,674,605,854
嘉義縣,朴子市,溪口里,80,542,605,855
嘉義縣,番路鄉,下坑村,0,1712,605,856
嘉義縣,竹崎鄉,桃源村,58,1073,605,858
嘉義縣,朴子市,雙溪里,298,846,605,859
嘉義縣,六腳鄉,工廠村,0,6,605,860
嘉義縣,東石鄉,副瀨村,0,827,605,861
嘉義市,西區,保福里,0,1960,605,862
嘉義縣,六腳鄉,蒜南村,0,347,605,863
嘉義縣,竹崎鄉,內埔村,0,1329,605,864
嘉義市,東區,盧厝里,0,1394,605,865
嘉義市,西區,保生里,0,1238,605,866
嘉義市,西區,新厝里,0,1466,605,867
嘉義縣,東石鄉,頂揖村,0,80,605,868
嘉義縣,六腳鄉,蒜頭村,0,797,605,869
嘉義縣,竹崎鄉,紫雲村,0,940,605,870
嘉義市,東區,頂庄里,0,1395,605,872
嘉義市,東區,中庄里,0,2160,605,873
嘉義縣,六腳鄉,六南村,0,1276,605,874
嘉義市,東區,後庄里,0,1215,605,875
嘉義縣,竹崎鄉,灣橋村,0,1809,605,876
嘉義縣,竹崎鄉,光華村,0,630,605,877
嘉義縣,太保市,田尾里,0,422,605,878
嘉義縣,竹崎鄉,塘興村,0,682,605,879
嘉義市,西區,北新里,0,971,605,880
嘉義縣,太保市,麻寮里,0,4150,605,881
嘉義縣,竹崎鄉,義隆村,0,168,605,882
嘉義縣,竹崎鄉,中和村,0,994,605,883
嘉義縣,東石鄉,溪下村,0,8,605,884
嘉義縣,六腳鄉,灣北村,0,2,605,885
嘉義縣,太保市,過溝里,0,1970,605,886
嘉義縣,竹崎鄉,鹿滿村,0,822,605,887
嘉義市,東區,後湖里,0,2215,605,888
嘉義縣,六腳鄉,塗師村,40,198,605,889
嘉義縣,太保市,北新里,0,2626,605,890
嘉義縣,六腳鄉,正義村,0,364,605,891
嘉義縣,竹崎鄉,文峰村,0,2,605,892
嘉義縣,民雄鄉,金興村,0,53,605,893
嘉義縣,民雄鄉,福興村,0,1521,605,894
嘉義縣,民雄鄉,秀林村,0,2292,605,895
嘉義縣,六腳鄉,潭墘村,51,304,605,896
嘉義縣,大埔鄉,茄苳村,0,405,605,897
嘉義縣,大埔鄉,大埔村,0,669,605,898
嘉義縣,義竹鄉,東過村,259,343,605,899
嘉義縣,義竹鄉,西過村,17,660,605,900
嘉義縣,義竹鄉,官和村,75,561,605,901
嘉義縣,義竹鄉,官順村,71,397,605,902
嘉義縣,大埔鄉,西興村,0,410,605,903
嘉義縣,布袋鎮,復興里,287,2327,605,904
嘉義縣,義竹鄉,新富村,197,585,605,905
嘉義縣,阿里山鄉,茶山村,0,368,605,906
嘉義縣,義竹鄉,六桂村,0,824,605,907
嘉義縣,義竹鄉,新店村,98,2704,605,908
嘉義縣,義竹鄉,仁里村,0,446,605,909
嘉義縣,義竹鄉,義竹村,0,1171,605,910
嘉義縣,義竹鄉,頭竹村,122,1701,605,911
嘉義縣,布袋鎮,新民里,215,1242,605,912
嘉義縣,義竹鄉,傳芳村,0,50,605,913
嘉義縣,布袋鎮,新岑里,286,531,605,914
嘉義縣,義竹鄉,埤前村,85,1043,605,915
嘉義縣,阿里山鄉,新美村,0,400,605,916
嘉義縣,義竹鄉,平溪村,152,544,605,917
嘉義縣,大埔鄉,永樂村,0,420,605,918
嘉義縣,義竹鄉,北華村,91,721,605,919
嘉義縣,義竹鄉,岸腳村,0,541,605,920
嘉義縣,義竹鄉,五厝村,0,275,605,921
嘉義縣,大埔鄉,和平村,0,464,605,922
嘉義縣,布袋鎮,永安里,0,684,605,923
嘉義縣,義竹鄉,後鎮村,21,405,605,924
嘉義縣,中埔鄉,東興村,0,243,605,925
嘉義縣,義竹鄉,中平村,0,341,605,926
嘉義縣,布袋鎮,岱江里,0,287,605,927
嘉義縣,布袋鎮,光復里,21,1052,605,928
嘉義縣,義竹鄉,龍蛟村,28,580,605,930
嘉義縣,鹿草鄉,下潭村,0,427,605,931
臺南市,歸仁區,六甲里,0,44,605,932
臺南市,安南區,青草里,0,547,605,933
臺南市,七股區,溪南里,0,402,605,934
臺南市,七股區,七股里,35,1988,605,935
臺南市,七股區,龍山里,35,3596,605,936
臺南市,七股區,中寮里,13,655,605,937
臺南市,七股區,篤加里,0,450,605,938
臺南市,七股區,鹽埕里,135,809,605,939
臺南市,七股區,三股里,77,1150,605,940
臺南市,七股區,十份里,280,2145,605,941
臺南市,七股區,永吉里,0,250,605,942
臺南市,下營區,開化里,0,7000,605,945
臺南市,下營區,西連里,0,538,605,946
臺南市,下營區,營前里,0,160,605,947
臺南市,下營區,賀建里,2,1514,605,948
臺南市,仁德區,保安里,0,7,605,949
臺南市,左鎮區,二寮里,0,108,605,950
臺南市,左鎮區,草山里,0,201,605,951
臺南市,左鎮區,岡林里,0,326,605,952
臺南市,左鎮區,內庄里,0,16,605,953
臺南市,左鎮區,澄山里,0,361,605,954
臺南市,左鎮區,左鎮里,0,5,605,955
臺南市,左鎮區,榮和里,0,9,605,959
臺南市,安定區,中沙里,0,36,605,960
臺南市,安定區,新吉里,0,123,605,961
桃園市,復興區,霞雲里,0,4,605,963
新竹縣,芎林鄉,水坑村,0,76,605,973
新竹縣,橫山鄉,力行村,0,31,605,996
臺中市,大雅區,大楓里,0,34,605,1030
臺南市,安定區,海寮里,0,1,605,1044
臺南市,歸仁區,大潭里,0,10,605,1049
臺南市,安南區,媽祖宮里,0,1289,605,1053
屏東縣,九如鄉,九明村,0,488,605,1056
屏東縣,九如鄉,九塊村,0,326,605,1057
屏東縣,九如鄉,九清村,0,720,605,1058
臺南市,歸仁區,媽廟里,0,120,605,1065
臺南市,新營區,嘉芳里,0,12,605,1067
臺南市,新市區,永就里,0,115,605,1200
臺南市,新市區,新和里,0,16,605,1202
臺南市,玉井區,玉井里,0,11,605,1208
臺南市,關廟區,布袋里,0,130,605,1209
臺南市,安南區,城北里,0,2127,605,1215
臺南市,安南區,城南里,0,4388,605,1216
臺南市,七股區,義合里,0,10,605,1217
臺南市,七股區,大埕里,270,1080,605,1219
臺南市,安南區,海南里,0,759,605,1221
臺南市,安南區,國安里,0,1007,605,1222
臺南市,安南區,溪心里,0,1538,605,1223
臺南市,下營區,下營里,0,795,605,1225
臺南市,安南區,城中里,0,1366,605,1226
臺南市,安南區,城東里,0,1163,605,1227
臺南市,安南區,學東里,0,442,605,1228
臺南市,新營區,姑爺里,9,1566,605,1230
臺南市,新營區,興業里,0,69,605,1231
臺南市,柳營區,中埕里,0,1384,605,1232
臺南市,柳營區,光福里,0,1072,605,1233
臺南市,麻豆區,埤頭里,67,880,605,1234
臺南市,新營區,五興里,35,2432,605,1236
臺南市,新營區,太南里,47,259,605,1237
臺南市,新營區,中營里,0,376,605,1238
臺南市,麻豆區,海埔里,133,1379,605,1239
桃園市,桃園區,忠義里,0,2,605,1242
嘉義縣,東石鄉,型厝村,0,871,605,1251
臺南市,新營區,王公里,0,169,605,1255
臺南市,新營區,新東里,0,31,605,1256
臺南市,佳里區,鎮山里,60,208,605,1257
臺南市,佳里區,忠仁里,18,147,605,1258
臺南市,佳里區,佳化里,16,124,605,1260
臺南市,鹽水區,歡雅里,149,2070,605,1261
臺南市,鹽水區,橋南里,0,937,605,1262
臺南市,鹽水區,水秀里,0,1387,605,1263
臺南市,鹽水區,岸內里,0,2836,605,1264
臺南市,鹽水區,汫水里,0,709,605,1265
臺南市,白河區,六溪里,0,405,605,1266
臺南市,白河區,崁頭里,0,315,605,1267
臺南市,白河區,大林里,0,399,605,1268
臺南市,白河區,關嶺里,0,288,605,1269
臺南市,白河區,白河里,0,321,605,1271
臺南市,白河區,河東里,0,1042,605,1272
臺南市,白河區,永安里,0,291,605,1273
臺南市,白河區,秀祐里,270,396,605,1274
臺南市,白河區,庄內里,0,206,605,1275
臺南市,白河區,虎山里,0,607,605,1276
臺南市,白河區,仙草里,0,512,605,1277
臺南市,白河區,大竹里,0,1283,605,1278
臺南市,白河區,汴頭里,0,1101,605,1279
臺南市,白河區,昇安里,0,1284,605,1280
臺南市,白河區,竹門里,0,370,605,1281
臺南市,白河區,內角里,0,174,605,1282
臺南市,柳營區,神農里,6,1976,605,1283
臺南市,柳營區,果毅里,0,553,605,1284
臺南市,柳營區,八翁里,0,2933,605,1285
臺南市,柳營區,士林里,35,4496,605,1286
臺南市,柳營區,東昇里,0,2796,605,1287
臺南市,柳營區,大農里,0,257,605,1288
臺南市,柳營區,人和里,0,1597,605,1289
臺南市,柳營區,篤農里,0,911,605,1290
臺南市,柳營區,重溪里,0,1442,605,1291
臺南市,柳營區,太康里,0,1528,605,1292
臺南市,後壁區,頂安里,0,457,605,1293
臺南市,後壁區,新東里,0,1389,605,1294
臺南市,後壁區,竹新里,0,937,605,1295
臺南市,後壁區,嘉苳里,0,2319,605,1296
臺南市,後壁區,後壁里,0,2427,605,1297
臺南市,後壁區,侯伯里,0,2548,605,1298
臺南市,後壁區,新嘉里,0,1508,605,1299
臺南市,後壁區,土溝里,0,2012,605,1300
臺南市,東山區,嶺南里,0,1933,605,1301
臺南市,東山區,南勢里,48,2408,605,1302
臺南市,東山區,青山里,0,2044,605,1303
臺南市,東山區,水雲里,0,28,605,1304
臺南市,東山區,林安里,0,516,605,1305
臺南市,東山區,東河里,76,1144,605,1306
臺南市,東山區,東中里,0,1097,605,1307
臺南市,東山區,聖賢里,0,1577,605,1308
臺南市,東山區,東正里,0,898,605,1309
臺南市,東山區,三榮里,178,827,605,1310
臺南市,東山區,東山里,0,257,605,1311
臺南市,麻豆區,安正里,0,127,605,1312
臺南市,麻豆區,麻口里,0,132,605,1317
臺南市,六甲區,甲南里,0,234,605,1319
臺南市,六甲區,二甲里,0,854,605,1320
臺南市,六甲區,六甲里,0,3602,605,1321
臺南市,六甲區,王爺里,0,1200,605,1322
臺南市,六甲區,甲東里,0,1269,605,1323
臺南市,六甲區,大丘里,0,1392,605,1324
臺南市,六甲區,菁埔里,1,890,605,1325
臺南市,六甲區,龜港里,107,2501,605,1326
臺南市,官田區,隆田里,0,60,605,1328
臺南市,官田區,隆本里,0,41,605,1330
臺南市,官田區,大崎里,0,91,605,1331
臺南市,官田區,南部里,0,98,605,1333
臺南市,大內區,內江里,0,17,605,1334
臺南市,大內區,曲溪里,0,540,605,1337
臺南市,大內區,內郭里,0,460,605,1338
臺南市,大內區,石林里,0,8,605,1339
臺南市,大內區,二溪里,0,1054,605,1340
臺南市,大內區,頭社里,0,701,605,1342
臺南市,大內區,環湖里,0,840,605,1343
臺南市,西港區,港東里,0,50,605,1344
臺南市,西港區,金砂里,0,29,605,1345
臺南市,新化區,大坑里,0,11,605,1346
臺南市,新化區,礁坑里,0,1,605,1348
臺南市,善化區,六德里,0,59,605,1354
臺南市,山上區,平陽里,0,114,605,1357
臺南市,山上區,玉峰里,0,1093,605,1359
臺南市,楠西區,灣丘里,0,537,605,1361
臺南市,楠西區,照興里,0,1273,605,1362
臺南市,楠西區,密枝里,0,331,605,1363
臺南市,南化區,東和里,0,9,605,1364
臺南市,南化區,玉山里,0,42,605,1371
臺南市,南化區,關山里,0,393,605,1372
臺南市,龍崎區,牛埔里,0,227,605,1380
臺南市,龍崎區,楠坑里,0,43,605,1381
臺南市,龍崎區,大坪里,0,207,605,1382
臺南市,龍崎區,龍船里,0,281,605,1383
臺南市,龍崎區,中坑里,0,54,605,1384
臺南市,龍崎區,石[曹]里,0,220,605,1385
臺南市,龍崎區,崎頂里,0,49,605,1386
臺南市,將軍區,廣山里,18,378,605,1440
臺南市,將軍區,平沙里,14,119,605,1441
臺南市,將軍區,長沙里,74,78,605,1442
臺南市,北門區,三光里,32,827,605,1443
臺南市,北門區,玉港里,39,569,605,1444
臺南市,北門區,保吉里,0,1305,605,1445
臺南市,北門區,錦湖里,514,1204,605,1446
臺南市,北門區,慈安里,0,489,605,1447
臺南市,北門區,雙春里,0,845,605,1448
臺南市,南區,佛壇里,0,1520,605,1449
臺南市,南區,松安里,0,1928,605,1450
臺南市,南區,永寧里,0,1084,605,1451
臺南市,南區,喜東里,0,310,605,1453
臺南市,南區,建南里,0,500,605,1457
臺南市,南區,郡南里,0,2,605,1459
臺南市,南區,竹溪里,0,14,605,1470
臺南市,南區,明德里,0,100,605,1471
桃園市,龍潭區,九龍里,0,7,605,1506
高雄市,茄萣區,萬福里,0,333,605,1525
臺南市,永康區,尚頂里,0,468,605,1534
高雄市,路竹區,甲南里,0,168,605,1537
高雄市,路竹區,甲北里,0,9,605,1538
高雄市,湖內區,湖內里,0,1087,605,1539
高雄市,湖內區,海山里,0,130,605,1540
高雄市,湖內區,劉家里,0,51,605,1541
高雄市,湖內區,逸賢里,0,1217,605,1542
高雄市,湖內區,中賢里,0,1681,605,1543
高雄市,湖內區,忠興里,0,662,605,1544
臺南市,安南區,溪頂里,0,3751,605,1548
臺南市,安南區,海佃里,0,197,605,1549
臺南市,安南區,溪東里,0,85,605,1550
臺南市,安南區,溪北里,0,794,605,1551
臺南市,安南區,鹽田里,0,101,605,1554
臺南市,安南區,公親里,0,1884,605,1556
臺南市,安南區,砂崙里,0,684,605,1557
臺南市,學甲區,大灣里,0,1606,605,1564
臺南市,學甲區,豐和里,0,2118,605,1565
臺南市,學甲區,新榮里,0,2294,605,1566
臺南市,學甲區,慈福里,0,538,605,1567
臺南市,學甲區,仁得里,0,129,605,1568
臺南市,學甲區,新達里,351,1893,605,1569
臺南市,學甲區,中洲里,251,2111,605,1570
臺南市,學甲區,平和里,28,1196,605,1571
臺南市,學甲區,宅港里,51,1084,605,1572
臺南市,學甲區,三慶里,6,2146,605,1573
雲林縣,斗六市,重光里,0,48,605,1574
臺南市,安南區,幸福里,0,909,605,1578
新竹縣,新豐鄉,上坑村,0,188,605,1587
雲林縣,水林鄉,舊埔村,0,565,605,1602
嘉義縣,新港鄉,南崙村,0,1114,605,1603
嘉義縣,新港鄉,板頭村,0,415,605,1604
臺南市,七股區,玉成里,1,166,605,1606
新竹縣,芎林鄉,永興村,0,7,605,1636
新竹縣,新埔鎮,北平里,0,30,605,1675
新竹縣,新埔鎮,照門里,0,371,605,1677
新竹縣,關西鎮,東安里,0,55,605,1688
新竹縣,關西鎮,新力里,0,16,605,1697
新竹縣,湖口鄉,長安村,0,255,605,1710
新竹縣,北埔鄉,水砌村,0,3,605,1727
新竹縣,寶山鄉,三峰村,0,894,605,1733
苗栗縣,大湖鄉,東興村,0,3,605,1812
苗栗縣,大湖鄉,武榮村,0,8,605,1813
桃園市,中壢區,龍安里,0,1320,605,1819
苗栗縣,公館鄉,鶴山村,0,1,605,1838
苗栗縣,公館鄉,南河村,0,14,605,1841
苗栗縣,通霄鎮,五北里,0,555,605,1843
苗栗縣,通霄鎮,烏眉里,0,13,605,1846
苗栗縣,通霄鎮,福龍里,0,4,605,1847
苗栗縣,通霄鎮,通灣里,0,3452,605,1849
苗栗縣,通霄鎮,平安里,0,5435,605,1854
苗栗縣,頭份市,尖下里,0,152,605,1875
苗栗縣,卓蘭鎮,景山里,0,3,605,1913
苗栗縣,西湖鄉,金獅村,0,3,605,1949
苗栗縣,造橋鄉,造橋村,0,100,605,1954
苗栗縣,造橋鄉,平興村,0,466,605,1955
苗栗縣,造橋鄉,談文村,0,28,605,1961
苗栗縣,獅潭鄉,竹木村,0,1,605,1976
苗栗縣,通霄鎮,平元里,0,2105,605,1987
苗栗縣,通霄鎮,通東里,0,1480,605,1988
苗栗縣,苗栗市,新川里,0,45,605,2013
苗栗縣,苗栗市,新英里,0,9,605,2016
苗栗縣,通霄鎮,通西里,0,1499,605,2035
苗栗縣,通霄鎮,梅南里,0,6,605,2036
苗栗縣,通霄鎮,通南里,0,6600,605,2038
苗栗縣,通霄鎮,城南里,0,1,605,2040
苗栗縣,竹南鎮,崎頂里,0,273,605,2050
高雄市,楠梓區,宏榮里,0,1426,605,2081
臺中市,神岡區,新庄里,0,142,605,2117
臺中市,大雅區,秀山里,0,230,605,2144
臺中市,霧峰區,錦榮里,0,110,605,2234
臺中市,霧峰區,萊園里,0,232,605,2235
臺中市,太平區,頭汴里,0,316,605,2252
臺中市,太平區,大興里,0,3,605,2270
臺中市,北屯區,民政里,0,132,605,2363
臺中市,大肚區,王田里,0,19,605,2378
桃園市,新屋區,社子里,0,21,605,2406
臺南市,南區,省躬里,0,3526,605,2411
臺南市,六甲區,中社里,0,258,605,2418
臺南市,六甲區,水林里,1,1330,605,2419
高雄市,梓官區,同安里,0,74,605,2453
高雄市,橋頭區,東林里,0,736,605,2457
高雄市,橋頭區,新莊里,0,248,605,2461
臺中市,清水區,東山里,0,1632,605,2517
臺中市,清水區,海風里,0,549,605,2519
高雄市,永安區,永安里,0,241,605,2593
高雄市,永安區,永華里,0,330,605,2594
高雄市,茄萣區,吉定里,0,12,605,2600
高雄市,內門區,金竹里,0,441,605,2601
高雄市,內門區,永富里,0,49,605,2602
高雄市,內門區,永吉里,0,84,605,2603
高雄市,內門區,永興里,0,209,605,2604
高雄市,內門區,內東里,0,552,605,2605
高雄市,內門區,內南里,0,332,605,2606
高雄市,內門區,東埔里,0,400,605,2607
高雄市,內門區,瑞山里,0,368,605,2608
新竹縣,寶山鄉,雙溪村,0,24,605,2614
高雄市,楠梓區,興昌里,0,1,605,2638
高雄市,楠梓區,建昌里,0,133,605,2639
高雄市,楠梓區,宏昌里,0,1207,605,2640
高雄市,楠梓區,隆昌里,0,369,605,2641
高雄市,楠梓區,裕昌里,0,279,605,2642
高雄市,楠梓區,加昌里,0,140,605,2644
臺南市,七股區,西寮里,6,67,605,2648
臺南市,仁德區,成功里,0,527,605,2651
臺南市,仁德區,仁愛里,0,181,605,2653
桃園市,楊梅區,永平里,0,1,605,2686
桃園市,中壢區,內定里,0,83,605,2722
桃園市,觀音區,坑尾里,0,29,605,2730
桃園市,平鎮區,北富里,0,3206,605,2733
桃園市,平鎮區,貿易里,0,2550,605,2734
桃園市,平鎮區,東勢里,0,20,605,2736
桃園市,平鎮區,龍興里,0,680,605,2741
桃園市,平鎮區,東社里,0,109,605,2742
桃園市,大園區,沙崙里,0,210,605,2743
桃園市,新屋區,笨港里,0,2,605,2757
桃園市,中壢區,過嶺里,0,313,605,2761
桃園市,平鎮區,北興里,0,2273,605,2776
桃園市,中壢區,振興里,0,240,605,2779
桃園市,平鎮區,龍恩里,0,877,605,2789
桃園市,平鎮區,北貴里,0,3570,605,2790
桃園市,楊梅區,三湖里,0,17,605,2834
桃園市,蘆竹區,坑子里,0,85,605,2857
桃園市,蘆竹區,山鼻里,0,64,605,2862
桃園市,龜山區,龍壽里,0,21,605,2877
桃園市,平鎮區,建安里,0,927,605,2936
桃園市,平鎮區,鎮興里,0,68,605,2938
桃園市,中壢區,龍昌里,0,64,605,2942
桃園市,中壢區,龍東里,0,110,605,2943
桃園市,中壢區,龍岡里,0,2528,605,2944
桃園市,中壢區,龍平里,0,306,605,2946
桃園市,復興區,澤仁里,0,5,605,2957
桃園市,復興區,義盛里,0,55,605,2959
桃園市,大溪區,新峰里,0,30,605,2963
桃園市,龍潭區,三坑里,0,12,605,2969
桃園市,蘆竹區,中福里,0,68,605,2973
臺南市,下營區,宅內里,0,786,605,2994
臺南市,下營區,後街里,0,498,605,2995
臺南市,佳里區,安西里,28,1028,605,2998
臺南市,佳里區,六安里,14,232,605,2999
臺南市,仁德區,一甲里,0,225,605,3005
臺南市,佳里區,建南里,0,1129,605,3258
臺南市,西港區,[檨]林里,0,46,605,3260
臺南市,西港區,營西里,0,210,605,3261
臺南市,新化區,山腳里,0,11,605,3263
臺南市,新化區,唪口里,0,153,605,3268
臺南市,歸仁區,崙頂里,0,141,605,3270
彰化縣,北斗鎮,中寮里,0,211,605,3299
彰化縣,北斗鎮,大道里,0,70,605,3300
彰化縣,二林鎮,外竹里,0,12,605,3585
高雄市,大樹區,三和里,0,971,605,3637
高雄市,大樹區,溪埔里,0,508,605,3638
高雄市,大樹區,興田里,0,210,605,3639
高雄市,大社區,翠屏里,0,77,605,3641
高雄市,燕巢區,鳳雄里,0,31,605,3644
高雄市,燕巢區,橫山里,0,746,605,3645
高雄市,燕巢區,深水里,0,2075,605,3646
高雄市,茄萣區,福德里,0,367,605,3649
高雄市,茄萣區,保定里,0,35,605,3650
高雄市,茄萣區,崎漏里,0,596,605,3652
高雄市,永安區,鹽田里,0,252,605,3653
屏東縣,屏東市,海豐里,0,367,605,3666
南投縣,魚池鄉,新城村,0,53,605,3671
南投縣,魚池鄉,五城村,0,48,605,3675
彰化縣,埤頭鄉,和豊村,0,872,605,3679
彰化縣,埤頭鄉,崙腳村,0,3,605,3686
彰化縣,埤頭鄉,芙朝村,0,8,605,3688
彰化縣,芳苑鄉,芳苑村,0,4,605,3695
彰化縣,芳苑鄉,仁愛村,0,151,605,3697
彰化縣,芳苑鄉,五俊村,0,6,605,3702
彰化縣,芳苑鄉,路上村,0,8,605,3703
彰化縣,芳苑鄉,頂部村,0,258,605,3707
彰化縣,芳苑鄉,新街村,0,177,605,3708
彰化縣,大城鄉,上山村,0,6,605,3722
彰化縣,大城鄉,菜寮村,0,28,605,3726
彰化縣,大城鄉,山腳村,0,9,605,3727
彰化縣,大城鄉,永和村,0,130,605,3728
彰化縣,大城鄉,豐美村,0,7,605,3734
彰化縣,竹塘鄉,竹林村,0,118,605,3745
彰化縣,竹塘鄉,長安村,0,36,605,3748
彰化縣,竹塘鄉,永安村,0,26,605,3749
彰化縣,員林市,湖水里,0,256,605,3769
新竹市,香山區,樹下里,0,16,605,3899
臺南市,七股區,樹林里,0,287,605,4037
臺南市,仁德區,中洲里,0,686,605,4038
高雄市,楠梓區,大昌里,0,568,605,4088
高雄市,旗津區,實踐里,0,365,605,4185
高雄市,小港區,山明里,0,102,605,4201
高雄市,小港區,坪頂里,0,260,605,4204
高雄市,林園區,林園里,0,12,605,4210
高雄市,林園區,頂厝里,0,21,605,4211
高雄市,林園區,王公里,0,2129,605,4212
高雄市,林園區,廣應里,0,1165,605,4215
高雄市,大寮區,大寮里,0,6,605,4218
高雄市,大寮區,上寮里,0,426,605,4219
高雄市,大寮區,三隆里,0,340,605,4220
高雄市,大寮區,琉球里,0,868,605,4221
高雄市,大寮區,義仁里,0,594,605,4226
高雄市,大寮區,新厝里,0,3713,605,4227
高雄市,大寮區,過溪里,0,138,605,4228
高雄市,大寮區,潮寮里,0,231,605,4229
高雄市,大寮區,會結里,0,24,605,4230
高雄市,大寮區,昭明里,0,15,605,4236
高雄市,大樹區,姑山里,0,611,605,4245
高雄市,大樹區,大坑里,0,672,605,4246
高雄市,仁武區,竹後里,0,43,605,4249
高雄市,仁武區,後安里,0,22,605,4251
高雄市,鳥松區,鳥松里,0,23,605,4256
高雄市,鳥松區,帝埔里,0,2609,605,4259
高雄市,鳥松區,仁美里,0,1944,605,4260
高雄市,鳥松區,華美里,0,1134,605,4262
高雄市,岡山區,後紅里,0,587,605,4265
高雄市,岡山區,忠孝里,0,1577,605,4266
高雄市,岡山區,和平里,0,396,605,4267
高雄市,岡山區,後協里,0,135,605,4269
高雄市,岡山區,信義里,0,303,605,4270
高雄市,岡山區,碧紅里,0,151,605,4272
高雄市,岡山區,壽峰里,0,41,605,4275
高雄市,岡山區,仁義里,0,1373,605,4276
高雄市,橋頭區,仕隆里,0,240,605,4278
高雄市,橋頭區,白樹里,0,12,605,4280
高雄市,燕巢區,東燕里,0,1,605,4285
高雄市,田寮區,大同里,0,64,605,4287
高雄市,田寮區,崇德里,0,674,605,4288
高雄市,田寮區,三和里,0,168,605,4289
高雄市,路竹區,社西里,0,50,605,4294
高雄市,路竹區,竹東里,0,8,605,4295
高雄市,路竹區,鴨寮里,0,269,605,4297
高雄市,湖內區,太爺里,0,127,605,4301
高雄市,湖內區,公館里,0,102,605,4302
高雄市,湖內區,葉厝里,0,5,605,4303
高雄市,湖內區,田尾里,0,398,605,4304
高雄市,湖內區,海埔里,0,63,605,4305
高雄市,湖內區,文賢里,0,906,605,4306
高雄市,彌陀區,彌壽里,0,91,605,4308
高雄市,梓官區,茄苳里,0,1213,605,4312
高雄市,美濃區,德興里,0,212,605,4321
高雄市,內門區,石坑里,0,317,605,4329
高雄市,內門區,內門里,0,515,605,4330
高雄市,內門區,內豊里,0,5,605,4331
高雄市,內門區,觀亭里,0,1076,605,4332
高雄市,內門區,中埔里,0,357,605,4333
高雄市,內門區,三平里,0,653,605,4334
高雄市,內門區,木柵里,0,405,605,4335
高雄市,內門區,光興里,0,3,605,4336
高雄市,岡山區,岡山里,0,52,605,4340
高雄市,內門區,內興里,0,257,605,4343
嘉義市,東區,北門里,0,1500,605,4348
嘉義縣,太保市,安仁里,0,4557,605,4380
臺南市,永康區,甲頂里,0,1,605,4392
嘉義縣,太保市,太保里,0,100,605,4393
嘉義縣,太保市,東勢里,0,1321,605,4394
嘉義縣,太保市,新埤里,0,17,605,4395
嘉義縣,太保市,舊埤里,0,1517,605,4396
高雄市,茄萣區,大定里,0,7,605,4402
高雄市,茄萣區,嘉樂里,0,40,605,4405
高雄市,茄萣區,嘉安里,0,4,605,4406
高雄市,茄萣區,嘉賜里,0,22,605,4407
高雄市,茄萣區,白雲里,0,206,605,4408
高雄市,田寮區,南安里,0,245,605,4450
高雄市,田寮區,田寮里,0,3,605,4451
高雄市,田寮區,七星里,0,96,605,4452
高雄市,田寮區,古亭里,0,376,605,4453
高雄市,旗山區,湄洲里,0,66,605,4454
高雄市,旗山區,圓富里,0,85,605,4455
高雄市,旗山區,中正里,0,151,605,4456
高雄市,旗山區,南勝里,0,363,605,4459
高雄市,旗山區,東平里,0,170,605,4461
高雄市,旗山區,東昌里,0,9,605,4462
高雄市,旗山區,永和里,0,92,605,4464
高雄市,旗山區,廣福里,0,481,605,4469
高雄市,美濃區,福安里,0,5,605,4470
高雄市,美濃區,獅山里,0,78,605,4471
高雄市,美濃區,龍肚里,0,26,605,4472
高雄市,美濃區,清水里,0,254,605,4475
高雄市,美濃區,吉洋里,0,907,605,4476
高雄市,美濃區,吉和里,0,728,605,4477
高雄市,美濃區,廣林里,0,56,605,4478
高雄市,六龜區,新威里,0,514,605,4479
高雄市,六龜區,新興里,0,310,605,4480
高雄市,六龜區,新寮里,0,447,605,4481
高雄市,六龜區,新發里,0,38,605,4482
高雄市,六龜區,荖濃里,0,22,605,4483
高雄市,六龜區,興龍里,0,22,605,4486
高雄市,六龜區,中興里,0,76,605,4487
高雄市,六龜區,寶來里,0,33,605,4488
高雄市,六龜區,大津里,0,8,605,4490
高雄市,甲仙區,西安里,0,4,605,4492
高雄市,甲仙區,大田里,0,34,605,4493
高雄市,甲仙區,小林里,0,25,605,4496
高雄市,杉林區,杉林里,0,3,605,4497
高雄市,杉林區,木梓里,0,56,605,4498
高雄市,杉林區,月美里,0,109,605,4501
高雄市,內門區,溝坪里,0,609,605,4502
高雄市,桃源區,桃源里,0,4,605,4504
高雄市,桃源區,寶山里,0,56,605,4505
高雄市,桃源區,高中里,0,4,605,4507
高雄市,桃源區,拉芙蘭里,0,3,605,4509
高雄市,那瑪夏區,達卡努瓦里,0,1322,605,4510
高雄市,那瑪夏區,瑪雅里,0,1120,605,4511
高雄市,那瑪夏區,南沙魯里,0,506,605,4512
高雄市,田寮區,西德里,0,581,605,4514
高雄市,田寮區,新興里,0,899,605,4515
高雄市,阿蓮區,峰山里,0,152,605,4518
高雄市,阿蓮區,港後里,0,16,605,4521
高雄市,路竹區,下坑里,0,2,605,4523
高雄市,路竹區,竹園里,0,4,605,4524
高雄市,路竹區,三爺里,0,558,605,4526
高雄市,路竹區,北嶺里,0,90,605,4527
高雄市,路竹區,新達里,0,6,605,4529
高雄市,路竹區,頂寮里,0,2,605,4530
高雄市,岡山區,本洲里,0,93,605,4532
高雄市,岡山區,灣裡里,0,41,605,4533
高雄市,岡山區,程香里,0,122,605,4542
高雄市,岡山區,大遼里,0,2,605,4543
高雄市,岡山區,劉厝里,0,2,605,4544
高雄市,燕巢區,尖山里,0,58,605,4548
高雄市,燕巢區,角宿里,0,62,605,4551
高雄市,永安區,新港里,0,955,605,4552
高雄市,永安區,保寧里,0,104,605,4553
高雄市,永安區,維新里,0,444,605,4554
高雄市,彌陀區,舊港里,0,1165,605,4555
高雄市,彌陀區,光和里,0,338,605,4556
高雄市,彌陀區,海尾里,0,554,605,4557
高雄市,彌陀區,南寮里,0,1241,605,4558
高雄市,彌陀區,漯底里,0,181,605,4559
高雄市,彌陀區,鹽埕里,0,9,605,4563
高雄市,彌陀區,文安里,0,1081,605,4564
高雄市,梓官區,禮蚵里,0,326,605,4571
高雄市,梓官區,智蚵里,0,776,605,4572
高雄市,梓官區,典寶里,0,1077,605,4574
高雄市,楠梓區,和昌里,0,406,605,4586
高雄市,仁武區,高楠里,0,22,605,4593
高雄市,左營區,福山里,0,1301,605,4594
高雄市,左營區,崇實里,0,24,605,4598
高雄市,鼓山區,桃源里,0,22,605,4607
臺南市,南區,同安里,0,426,605,4619
臺南市,南區,興農里,0,348,605,4620
高雄市,左營區,菜公里,0,11,605,4622
臺中市,太平區,東汴里,0,96,605,4631
臺中市,太平區,黃竹里,0,150,605,4632
高雄市,鹽埕區,光明里,0,68,605,4724
高雄市,鹽埕區,育仁里,0,145,605,4725
高雄市,林園區,潭頭里,0,19,605,4748
高雄市,林園區,林家里,0,259,605,4753
南投縣,中寮鄉,復興村,0,23,605,4761
南投縣,中寮鄉,廣福村,0,160,605,4763
南投縣,水里鄉,水里村,0,40,605,4767
雲林縣,林內鄉,坪頂村,0,151,605,4787
雲林縣,斗六市,湖山里,0,447,605,4790
臺南市,新營區,永平里,26,26,605,4801
高雄市,旗津區,復興里,0,413,605,4864
高雄市,林園區,西溪里,0,262,605,4901
屏東縣,屏東市,前進里,0,12,605,4910
高雄市,大社區,嘉誠里,0,318,605,4911
高雄市,大社區,保社里,0,23,605,4912
屏東縣,萬丹鄉,社口村,0,169,605,4933
屏東縣,萬丹鄉,磚寮村,0,158,605,4935
屏東縣,佳冬鄉,賴家村,0,61,605,4938
屏東縣,獅子鄉,丹路村,0,51,605,4948
雲林縣,四湖鄉,四湖村,0,408,605,4989
雲林縣,四湖鄉,飛沙村,0,43,605,4990
雲林縣,四湖鄉,羊調村,0,125,605,4991
雲林縣,口湖鄉,湖東村,0,533,605,4993
雲林縣,口湖鄉,口湖村,0,8,605,4994
雲林縣,口湖鄉,頂湖村,0,38,605,4995
雲林縣,口湖鄉,蚵寮村,0,238,605,4996
雲林縣,口湖鄉,成龍村,0,947,605,4998
雲林縣,水林鄉,水北村,0,177,605,4999
雲林縣,水林鄉,水南村,0,568,605,5000
雲林縣,水林鄉,海埔村,0,92,605,5001
南投縣,魚池鄉,武登村,0,209,605,5003
南投縣,魚池鄉,日月村,0,4,605,5004
南投縣,國姓鄉,南港村,0,2687,605,5007
南投縣,水里鄉,車埕村,0,609,605,5008
南投縣,信義鄉,雙龍村,0,316,605,5009
南投縣,信義鄉,豐丘村,0,478,605,5017
南投縣,水里鄉,農富村,0,15,605,5021
南投縣,竹山鎮,山崇里,0,4,605,5029
屏東縣,牡丹鄉,石門村,0,182,605,5055
屏東縣,牡丹鄉,四林村,0,27,605,5059
嘉義市,東區,太平里,0,1205,605,5063
嘉義市,西區,保安里,0,1635,605,5064
嘉義市,西區,下埤里,0,1046,605,5065
嘉義市,西區,北湖里,0,2413,605,5066
桃園市,觀音區,富源里,0,42,605,5068
嘉義市,西區,大溪里,0,212,605,5069
屏東縣,滿州鄉,港仔村,0,462,605,5072
雲林縣,斗六市,龍潭里,0,29,605,5087
嘉義市,東區,安業里,0,2361,605,5097
屏東縣,滿州鄉,長樂村,0,326,605,5100
屏東縣,滿州鄉,九棚村,0,418,605,5112
屏東縣,牡丹鄉,高士村,0,604,605,5113
屏東縣,枋寮鄉,大庄村,0,5,605,5143
屏東縣,萬丹鄉,廣安村,0,358,605,5168
屏東縣,長治鄉,德和村,0,3,605,5174
屏東縣,鹽埔鄉,洛陽村,0,5,605,5175
屏東縣,九如鄉,玉泉村,0,1392,605,5176
屏東縣,里港鄉,土庫村,0,18,605,5179
屏東縣,九如鄉,東寧村,0,676,605,5183
屏東縣,屏東市,三山里,0,347,605,5191
屏東縣,九如鄉,玉水村,0,194,605,5195
臺南市,南區,大恩里,0,4,605,5197
雲林縣,虎尾鎮,新興里,0,357,605,5274
雲林縣,虎尾鎮,東仁里,0,24,605,5275
雲林縣,虎尾鎮,公安里,0,988,605,5276
雲林縣,虎尾鎮,德興里,0,318,605,5277
雲林縣,虎尾鎮,新吉里,0,18,605,5280
雲林縣,虎尾鎮,建國里,0,1,605,5283
雲林縣,北港鎮,華勝里,0,439,605,5297
雲林縣,北港鎮,新厝里,0,31,605,5299
雲林縣,古坑鄉,樟湖村,0,918,605,5300
雲林縣,古坑鄉,草嶺村,0,1224,605,5301
雲林縣,古坑鄉,古坑村,0,209,605,5302
雲林縣,古坑鄉,朝陽村,0,1130,605,5303
雲林縣,古坑鄉,西平村,0,604,605,5304
雲林縣,二崙鄉,崙西村,0,789,605,5310
雲林縣,二崙鄉,大義村,0,3420,605,5311
雲林縣,二崙鄉,油車村,0,3897,605,5312
雲林縣,麥寮鄉,瓦瑤村,0,744,605,5315
雲林縣,麥寮鄉,海豐村,0,44,605,5318
雲林縣,東勢鄉,東南村,0,15,605,5319
雲林縣,褒忠鄉,埔姜村,0,412,605,5322
雲林縣,臺西鄉,海北村,0,26,605,5324
雲林縣,臺西鄉,海南村,0,316,605,5325
雲林縣,臺西鄉,光華村,0,7,605,5326
雲林縣,臺西鄉,五港村,0,340,605,5327
嘉義市,東區,中央里,0,2490,605,5328
雲林縣,水林鄉,春埔村,0,39,605,5334
雲林縣,水林鄉,萬興村,0,916,605,5335
雲林縣,水林鄉,尖山村,0,561,605,5336
雲林縣,水林鄉,大山村,0,1373,605,5337
雲林縣,水林鄉,蕃薯村,0,701,605,5338
嘉義市,西區,文化里,0,1683,605,5341
南投縣,水里鄉,上安村,0,1,605,5342
南投縣,信義鄉,地利村,0,411,605,5343
南投縣,埔里鎮,珠格里,0,4,605,5344
嘉義市,東區,過溝里,0,1583,605,5347
雲林縣,水林鄉,灣東村,0,143,605,5348
雲林縣,水林鄉,灣西村,0,573,605,5349
雲林縣,元長鄉,山內村,0,1100,605,5351
雲林縣,東勢鄉,月眉村,0,13,605,5352
雲林縣,水林鄉,後寮村,0,1320,605,5353
雲林縣,水林鄉,山腳村,0,909,605,5354
雲林縣,斗六市,榴南里,0,9,605,5355
雲林縣,口湖鄉,梧北村,0,419,605,5356
雲林縣,口湖鄉,梧南村,0,531,605,5357
雲林縣,口湖鄉,港東村,0,236,605,5358
雲林縣,土庫鎮,西平里,0,53,605,5364
雲林縣,大埤鄉,怡然村,0,1189,605,5367
雲林縣,大埤鄉,北鎮村,0,575,605,5368
雲林縣,大埤鄉,西鎮村,0,238,605,5369
雲林縣,大埤鄉,興安村,0,657,605,5370
雲林縣,大埤鄉,松竹村,0,78,605,5371
雲林縣,大埤鄉,大德村,0,257,605,5372
雲林縣,大埤鄉,尚義村,0,747,605,5374
雲林縣,斗南鎮,靖興里,0,134,605,5376
雲林縣,北港鎮,新街里,0,2944,605,5392
雲林縣,古坑鄉,永光村,0,3599,605,5394
雲林縣,古坑鄉,永昌村,0,1892,605,5395
雲林縣,古坑鄉,東和村,0,5324,605,5396
雲林縣,古坑鄉,高林村,0,1804,605,5397
雲林縣,林內鄉,林北村,0,314,605,5400
雲林縣,林內鄉,林中村,0,164,605,5401
雲林縣,虎尾鎮,延平里,0,100,605,5402
雲林縣,虎尾鎮,穎川里,0,41,605,5403
雲林縣,虎尾鎮,三合里,0,1423,605,5404
雲林縣,麥寮鄉,麥豐村,0,1286,605,5411
雲林縣,臺西鄉,海口村,0,169,605,5418
雲林縣,褒忠鄉,中民村,0,1083,605,5419
雲林縣,褒忠鄉,中勝村,0,828,605,5421
南投縣,信義鄉,潭南村,0,18,605,5451
南投縣,竹山鎮,田子里,0,79,605,5470
南投縣,竹山鎮,福興里,0,9,605,5471
南投縣,竹山鎮,坪頂里,0,367,605,5472
南投縣,竹山鎮,秀林里,0,19,605,5473
南投縣,南投市,嘉興里,0,9,605,5481
雲林縣,大埤鄉,聯美村,0,679,605,5491
嘉義市,西區,育英里,0,283,605,5496
嘉義市,東區,豐年里,0,317,605,5497
雲林縣,二崙鄉,大同村,0,93,605,5508
雲林縣,二崙鄉,復興村,0,21,605,5509
臺南市,善化區,頂街里,0,142,605,5514
臺南市,善化區,文昌里,0,123,605,5518
臺南市,善化區,坐駕里,0,1817,605,5519
臺南市,永康區,鹽洲里,0,3,605,5520
新北市,淡水區,忠寮里,0,224,605,5545
新北市,萬里區,磺潭里,0,2,605,5551
南投縣,草屯鎮,碧洲里,0,371,605,5566
南投縣,草屯鎮,山腳里,0,87,605,5567
南投縣,草屯鎮,中原里,0,46,605,5575
南投縣,鹿谷鄉,鹿谷村,0,291,605,5580
南投縣,鹿谷鄉,初鄉村,0,661,605,5581
南投縣,信義鄉,東埔村,0,522,605,5582
南投縣,鹿谷鄉,鳳凰村,0,3350,605,5584
南投縣,水里鄉,興隆村,0,163,605,5585
南投縣,鹿谷鄉,永隆村,0,3369,605,5586
南投縣,鹿谷鄉,秀峰村,0,399,605,5589
南投縣,水里鄉,新興村,0,764,605,5593
南投縣,中寮鄉,福盛村,0,16,605,5594
南投縣,中寮鄉,和興村,0,96,605,5595
南投縣,中寮鄉,清水村,0,512,605,5596
南投縣,草屯鎮,雙冬里,0,23,605,5597
南投縣,集集鎮,富山里,0,86,605,5602
南投縣,集集鎮,廣明里,0,14,605,5603
南投縣,中寮鄉,內城村,0,6,605,5604
南投縣,中寮鄉,龍安村,0,29,605,5605
南投縣,南投市,光明里,0,75,605,5618
雲林縣,莿桐鄉,大美村,0,490,605,5627
雲林縣,虎尾鎮,惠來里,0,301,605,5630
雲林縣,斗六市,梅林里,0,1159,605,5638
雲林縣,古坑鄉,棋盤村,0,3492,605,5639
雲林縣,古坑鄉,新庄村,0,2312,605,5640
雲林縣,古坑鄉,荷苞村,0,2070,605,5641
雲林縣,古坑鄉,水碓村,0,1802,605,5642
雲林縣,古坑鄉,田心村,0,599,605,5643
雲林縣,古坑鄉,湳仔村,0,330,605,5644
雲林縣,斗六市,嘉東里,0,88,605,5645
雲林縣,斗六市,崙峰里,0,2760,605,5646
雲林縣,斗六市,溝埧里,0,335,605,5647
雲林縣,斗六市,江厝里,0,5,605,5648
雲林縣,斗六市,三光里,0,357,605,5649
雲林縣,古坑鄉,麻園村,0,1121,605,5650
雲林縣,斗南鎮,田頭里,0,10,605,5652
南投縣,南投市,鳳山里,0,168,605,5662
嘉義市,西區,香湖里,0,596,605,5664
嘉義市,東區,荖藤里,0,1112,605,5665
南投縣,南投市,光輝里,0,72,605,5666
南投縣,竹山鎮,富州里,0,1,605,5667
南投縣,竹山鎮,大鞍里,0,1844,605,5668
南投縣,鹿谷鄉,竹林村,0,384,605,5669
南投縣,鹿谷鄉,和雅村,0,579,605,5670
南投縣,鹿谷鄉,內湖村,0,895,605,5671
南投縣,信義鄉,自強村,0,38,605,5672
南投縣,信義鄉,新鄉村,0,42,605,5673
南投縣,竹山鎮,瑞竹里,0,655,605,5674
南投縣,竹山鎮,桶頭里,0,792,605,5675
南投縣,竹山鎮,鯉魚里,0,850,605,5676
南投縣,竹山鎮,中崎里,0,810,605,5677
雲林縣,北港鎮,府番里,0,599,605,5684
雲林縣,北港鎮,草湖里,0,20,605,5685
雲林縣,北港鎮,溝皂里,0,19,605,5686
雲林縣,北港鎮,番溝里,0,937,605,5687
雲林縣,北港鎮,大北里,0,620,605,5688
雲林縣,北港鎮,好收里,0,329,605,5689
雲林縣,元長鄉,後湖村,0,235,605,5691
雲林縣,元長鄉,崙仔村,0,84,605,5698
雲林縣,水林鄉,車港村,0,11,605,5701
雲林縣,四湖鄉,蔡厝村,0,46,605,5705
雲林縣,水林鄉,大溝村,0,166,605,5706
雲林縣,口湖鄉,謝厝村,0,913,605,5707
雲林縣,口湖鄉,過港村,0,502,605,5708
雲林縣,水林鄉,順興村,0,340,605,5709
雲林縣,口湖鄉,後厝村,0,234,605,5710
雲林縣,水林鄉,塭底村,0,465,605,5711
雲林縣,口湖鄉,水井村,0,764,605,5712
雲林縣,口湖鄉,台子村,0,1241,605,5713
雲林縣,四湖鄉,林厝村,0,167,605,5716
雲林縣,四湖鄉,崙北村,0,5,605,5717
雲林縣,四湖鄉,三姓村,0,7,605,5720
雲林縣,口湖鄉,崙東村,0,345,605,5721
雲林縣,四湖鄉,內湖村,0,357,605,5722
雲林縣,口湖鄉,埔北村,0,1004,605,5723
雲林縣,口湖鄉,埔南村,0,477,605,5724
雲林縣,臺西鄉,溪頂村,0,1152,605,5725
雲林縣,臺西鄉,牛厝村,0,1648,605,5726
雲林縣,臺西鄉,泉州村,0,507,605,5727
雲林縣,臺西鄉,五榔村,0,7,605,5728
雲林縣,臺西鄉,蚊港村,0,1216,605,5732
雲林縣,褒忠鄉,龍岩村,0,204,605,5738
雲林縣,四湖鄉,湖寮村,0,345,605,5739
雲林縣,東勢鄉,程海村,0,207,605,5740
雲林縣,二崙鄉,來惠村,0,1029,605,5743
雲林縣,二崙鄉,湳仔村,0,24,605,5746
雲林縣,二崙鄉,定安村,0,642,605,5752
雲林縣,二崙鄉,永定村,0,3129,605,5753
雲林縣,二崙鄉,大華村,0,3182,605,5754
雲林縣,二崙鄉,義庄村,0,8,605,5755
雲林縣,二崙鄉,楊賢村,0,294,605,5756
雲林縣,二崙鄉,港後村,0,4505,605,5757
雲林縣,西螺鎮,公館里,0,81,605,5764
嘉義市,西區,湖內里,0,5919,605,5765
嘉義市,東區,興安里,0,4196,605,5766
嘉義市,西區,光路里,0,3940,605,5767
雲林縣,元長鄉,合和村,0,150,605,5768
雲林縣,四湖鄉,新庄村,0,4,605,5773
雲林縣,四湖鄉,湖西村,0,827,605,5774
雲林縣,四湖鄉,施湖村,0,621,605,5775
雲林縣,四湖鄉,溪尾村,0,636,605,5776
雲林縣,水林鄉,溪墘村,0,1662,605,5778
雲林縣,北港鎮,水埔里,0,38,605,5779
雲林縣,北港鎮,扶朝里,0,84,605,5780
雲林縣,水林鄉,土厝村,0,64,605,5781
雲林縣,斗南鎮,石溪里,0,384,605,5782
雲林縣,斗南鎮,石龜里,0,94,605,5783
雲林縣,斗南鎮,新南里,0,186,605,5784
雲林縣,崙背鄉,大有村,0,454,605,5785
雲林縣,麥寮鄉,興華村,0,1524,605,5786
南投縣,草屯鎮,北勢里,0,264,605,5798
嘉義縣,阿里山鄉,中山村,0,37,605,5802
南投縣,信義鄉,羅娜村,0,145,605,5803
嘉義縣,阿里山鄉,香林村,0,130,605,5804
嘉義縣,梅山鄉,太和村,0,1090,605,5805
嘉義縣,梅山鄉,瑞峰村,0,770,605,5806
嘉義縣,阿里山鄉,豐山村,0,264,605,5807
嘉義縣,梅山鄉,碧湖村,0,32,605,5808
嘉義縣,梅山鄉,龍眼村,0,7,605,5809
雲林縣,古坑鄉,桂林村,0,1559,605,5810
雲林縣,古坑鄉,華山村,0,921,605,5811
雲林縣,古坑鄉,華南村,0,372,605,5812
雲林縣,古坑鄉,崁腳村,0,382,605,5816
嘉義縣,大林鎮,三角里,0,8,605,5818
嘉義縣,溪口鄉,游東村,0,118,605,5822
嘉義縣,溪口鄉,游西村,0,101,605,5823
雲林縣,北港鎮,後溝里,0,31,605,5827
嘉義縣,新港鄉,南港村,0,149,605,5828
嘉義縣,六腳鄉,六斗村,1,838,605,5831
嘉義縣,六腳鄉,豐美村,222,922,605,5832
嘉義縣,六腳鄉,竹本村,25,810,605,5833
嘉義縣,六腳鄉,永賢村,0,818,605,5834
嘉義縣,六腳鄉,魚寮村,0,1784,605,5835
嘉義縣,六腳鄉,六腳村,0,1540,605,5836
嘉義縣,六腳鄉,崩山村,0,1261,605,5837
雲林縣,水林鄉,松北村,0,835,605,5840
雲林縣,水林鄉,松中村,0,658,605,5841
雲林縣,水林鄉,松西村,0,663,605,5842
嘉義縣,東石鄉,港口村,0,18,605,5843
嘉義縣,東石鄉,鰲鼓村,0,2108,605,5844
雲林縣,口湖鄉,湖口村,0,968,605,5845
嘉義縣,阿里山鄉,中正村,0,355,605,5851
嘉義縣,梅山鄉,過山村,0,138,605,5852
屏東縣,萬丹鄉,廈北村,0,62,605,5854
南投縣,名間鄉,松山村,0,72,605,5858
南投縣,名間鄉,新街村,0,116,605,5860
南投縣,竹山鎮,下坪里,0,281,605,5865
桃園市,觀音區,藍埔里,0,189,605,5876
桃園市,楊梅區,梅新里,0,61,605,5904
桃園市,龜山區,大坑里,0,355,605,5908
桃園市,觀音區,草漯里,0,6,605,5913
桃園市,觀音區,保障里,0,50,605,5916
桃園市,楊梅區,楊明里,0,69,605,5922
嘉義市,西區,竹村里,0,758,605,5926
雲林縣,大埤鄉,南和村,0,287,605,5944
雲林縣,西螺鎮,安定里,0,506,605,5950
雲林縣,虎尾鎮,東屯里,0,22,605,5953
雲林縣,虎尾鎮,興中里,0,12,605,5955
雲林縣,虎尾鎮,廉使里,0,22,605,5956
南投縣,信義鄉,同富村,0,1331,605,5958
南投縣,信義鄉,神木村,0,390,605,5959
屏東縣,屏東市,龍華里,0,141,605,5970
嘉義市,西區,美源里,0,2924,605,5974
桃園市,大溪區,瑞源里,0,68,605,5981
臺中市,南屯區,春社里,0,12,605,5999
嘉義市,西區,獅子里,0,1314,605,6016
嘉義市,西區,紅瓦里,0,26,605,6017
嘉義市,西區,車店里,0,1897,605,6018
嘉義市,西區,垂楊里,0,1149,605,6019
嘉義市,西區,慶安里,0,1065,605,6020
嘉義市,西區,北榮里,0,1708,605,6021
嘉義市,東區,林森里,0,1203,605,6022
臺中市,大雅區,西寶里,0,73,605,6044
南投縣,信義鄉,明德村,0,52,605,6051
南投縣,鹿谷鄉,廣興村,0,18,605,6052
南投縣,竹山鎮,德興里,0,377,605,6054
南投縣,鹿谷鄉,彰雅村,0,1724,605,6055
南投縣,竹山鎮,延山里,0,2,605,6056
南投縣,竹山鎮,延和里,0,43,605,6058
南投縣,信義鄉,人和村,0,585,605,6059
南投縣,竹山鎮,延正里,0,265,605,6060
南投縣,南投市,營南里,0,1763,605,6063
南投縣,南投市,營北里,0,85,605,6064
臺南市,將軍區,鯤鯓里,78,80,605,6093
臺南市,安南區,四草里,0,2260,605,6094
臺南市,安南區,城西里,0,2584,605,6097
臺南市,安南區,佃東里,0,1899,605,6098
臺南市,山上區,新莊里,0,200,605,6100
臺南市,山上區,山上里,0,154,605,6101
臺南市,永康區,鹽行里,0,1439,605,6103
臺南市,安南區,鹿耳里,0,770,605,6104
臺南市,安南區,佃西里,0,1128,605,6106
臺南市,麻豆區,寮部里,0,2271,605,6107
臺南市,善化區,嘉南里,0,533,605,6108
臺南市,麻豆區,謝厝寮里,0,1608,605,6110
臺南市,麻豆區,井東里,0,949,605,6111
臺南市,麻豆區,清水里,0,1769,605,6112
臺南市,官田區,東西庄里,0,96,605,6115
臺南市,佳里區,下營里,0,16,605,6116
臺南市,佳里區,營溪里,109,1235,605,6117
臺南市,佳里區,塭內里,24,28,605,6118
臺南市,佳里區,佳興里,147,804,605,6119
臺南市,佳里區,南勢里,58,59,605,6120
臺南市,佳里區,文新里,13,241,605,6121
臺南市,將軍區,忠嘉里,114,1396,605,6122
臺南市,善化區,蓮潭里,0,1878,605,6123
臺南市,善化區,昌隆里,0,2305,605,6124
臺南市,永康區,鹽興里,0,162,605,6144
臺南市,將軍區,西甲里,0,1098,605,6145
臺南市,下營區,仁里里,0,1224,605,6146
臺南市,下營區,新興里,0,981,605,6147
臺南市,柳營區,旭山里,0,388,605,6149
臺南市,後壁區,福安里,0,556,605,6150
臺南市,後壁區,長安里,0,11,605,6151
臺南市,後壁區,菁寮里,0,2532,605,6152
臺南市,北門區,北門里,0,788,605,6154
臺南市,北門區,永隆里,0,463,605,6155
臺南市,學甲區,明宜里,0,1161,605,6156
臺南市,新營區,南紙里,0,707,605,6157
臺南市,麻豆區,北勢里,165,734,605,6158
臺南市,學甲區,秀昌里,208,2816,605,6159
臺南市,鹽水區,津城里,0,882,605,6160
臺南市,鹽水區,月港里,0,1339,605,6161
臺南市,鹽水區,三明里,187,1842,605,6162
臺南市,鹽水區,義中里,16,1284,605,6163
臺南市,鹽水區,文昌里,41,1507,605,6164
臺南市,鹽水區,竹林里,0,825,605,6165
臺南市,鹽水區,三和里,50,1484,605,6166
臺南市,鹽水區,頭港里,3,863,605,6167
臺南市,白河區,廣蓮里,40,1784,605,6168
臺南市,白河區,詔豐里,274,2466,605,6169
臺南市,後壁區,上茄苳里,0,2009,605,6170
臺南市,後壁區,菁豐里,149,1573,605,6171
臺南市,後壁區,長短樹里,0,2669,605,6172
臺南市,下營區,大吉里,653,2001,605,6173
臺南市,下營區,茅營里,0,4275,605,6174
臺南市,下營區,紅甲里,0,1744,605,6175
臺南市,將軍區,苓仔寮里,25,2036,605,6181
臺南市,將軍區,巷埔里,0,11,605,6182
臺南市,將軍區,將軍里,0,314,605,6183
臺南市,北門區,蚵寮里,51,878,605,6184
臺南市,北門區,文山里,87,1350,605,6185
臺南市,白河區,馬稠後里,0,24,605,6186
臺南市,歸仁區,西埔里,0,4,605,6188
嘉義市,東區,興村里,0,2980,605,6189
高雄市,湖內區,湖東里,0,384,605,6192
高雄市,湖內區,大湖里,0,847,605,6193
臺南市,善化區,南關里,0,123,605,6204
臺南市,善化區,小新里,0,491,605,6205
臺南市,善化區,東關里,0,437,605,6206
臺南市,善化區,牛庄里,0,776,605,6207
臺南市,善化區,光文里,0,2361,605,6208
臺南市,善化區,田寮里,0,123,605,6210
臺南市,善化區,嘉北里,0,45,605,6211
臺南市,新市區,大營里,0,1,605,6214
臺南市,永康區,三民里,0,1,605,6217
臺南市,將軍區,鯤溟里,40,40,605,6226
臺南市,白河區,崎內里,0,79,605,6259
新北市,三峽區,五寮里,0,1222,605,6265
新北市,三峽區,有木里,0,1302,605,6268
新北市,三峽區,插角里,0,824,605,6269
新北市,三峽區,金圳里,0,597,605,6270
新北市,三峽區,添福里,0,26,605,6272
新北市,新店區,廣興里,0,149,605,6276
新北市,三峽區,大埔里,0,1,605,6277
新北市,鶯歌區,二甲里,0,412,605,6304
新北市,石碇區,永安里,0,12,605,6329
新北市,鶯歌區,南靖里,0,40,605,6334
新北市,鶯歌區,尖山里,0,7,605,6335
新北市,新店區,雙坑里,0,11,605,6352
新北市,新店區,安昌里,0,69,605,6353
新北市,新店區,雙城里,0,13,605,6359
新北市,新店區,德安里,0,74,605,6370
新北市,新店區,柴埕里,0,7,605,6379
新北市,樹林區,坡內里,0,9,605,6534
新北市,板橋區,中山里,0,1193,605,6570
新北市,板橋區,大安里,0,1352,605,6574
新北市,板橋區,復興里,0,168,605,6577
新北市,平溪區,東勢里,0,40,605,6730
新北市,石碇區,光明里,0,40,605,6818
新北市,汐止區,白雲里,0,113,605,6899
新北市,五股區,民義里,0,49,605,7087
新北市,瑞芳區,光復里,0,74,605,7103
新北市,瑞芳區,龍潭里,0,918,605,7115
新北市,林口區,頂福里,0,112,605,7118
新北市,瑞芳區,柑坪里,0,366,605,7120
新北市,瑞芳區,龍鎮里,0,1288,605,7122
新北市,瑞芳區,龍安里,0,225,605,7124
新北市,林口區,嘉寶里,0,282,605,7138
新北市,林口區,下福里,0,99,605,7142
新北市,瑞芳區,龍山里,0,1683,605,7144
新北市,淡水區,水源里,0,127,605,7203
新北市,三芝區,興華里,0,374,605,7206
新北市,金山區,五湖里,0,17,605,7209
新北市,三芝區,埔頭里,0,651,605,7236
新北市,石門區,德茂里,0,44,605,7245
臺南市,仁德區,大甲里,0,1,605,7259
臺南市,仁德區,仁義里,0,723,605,7260
臺南市,仁德區,土庫里,0,46,605,7261
臺南市,仁德區,太子里,0,16,605,7262
臺南市,佳里區,子龍里,60,60,605,7267
臺南市,佳里區,海澄里,80,905,605,7268
臺南市,麻豆區,安業里,0,797,605,7269
臺南市,西港區,永樂里,0,23,605,7271
臺南市,西港區,新復里,0,71,605,7272
桃園市,蘆竹區,海湖里,0,38,605,7277
桃園市,龍潭區,祥和里,0,6,605,7279
臺北市,文山區,老泉里,0,10,605,7286
臺北市,文山區,指南里,0,4,605,7291
臺南市,西港區,南海里,0,2351,605,7301
臺南市,西港區,竹林里,0,98,605,7302
臺南市,西港區,劉厝里,0,85,605,7303
臺南市,西港區,西港里,0,1138,605,7304
臺南市,西港區,慶安里,0,2347,605,7305
臺北市,南港區,舊莊里,0,109,605,7458
臺北市,中山區,晴光里,0,66,605,7552
臺北市,北投區,東華里,0,1,605,7662
臺北市,北投區,中心里,0,162,605,7684
臺北市,北投區,泉源里,0,249,605,7692
臺南市,安南區,大安里,0,40,605,7712
臺南市,安南區,安和里,0,1157,605,7713
臺南市,安南區,總頭里,0,15,605,7717
臺南市,安南區,原佃里,0,1480,605,7718
臺南市,新營區,土庫里,0,1106,605,7720
臺南市,新營區,埤寮里,48,1509,605,7721
臺南市,東山區,高原里,0,2082,605,7722
臺南市,東山區,科里里,9,1854,605,7723
臺南市,東山區,東原里,0,3984,605,7724
臺南市,東山區,大客里,0,1869,605,7725
臺南市,安南區,長安里,0,4838,605,7731
臺南市,永康區,蔦松里,0,9,605,7738
臺南市,安南區,南興里,0,50,605,7744
臺南市,新營區,南興里,0,284,605,7748
臺南市,新營區,太北里,0,798,605,7749
臺南市,新營區,大宏里,0,31,605,7750
臺南市,新營區,護鎮里,13,1411,605,7752
臺南市,麻豆區,南勢里,28,2053,605,7753
臺南市,麻豆區,港尾里,0,2370,605,7754
臺南市,學甲區,光華里,466,2318,605,7755
臺南市,山上區,明和里,0,11,605,7756
基隆市,七堵區,堵南里,0,47,605,7760
屏東縣,屏東市,長安里,0,498,605,7796
高雄市,楠梓區,慶昌里,0,335,605,7894
高雄市,楠梓區,秀昌里,0,216,605,7895
臺南市,安南區,梅花里,0,75,605,7897
